Organization Name,Salutation,First Name,Last Name,Title,Email,Secondary Email,Phone,Mobile,Fax,Skype ID,Website,Instagram,Facebook,LinkedIn,Twitter,YouTube,Street,City,State,Zip Code,Country,Industry,Tags
Decathlon Sports - SGS Mall Camp Pune,N/A,N/A,N/A,N/A,care.india@decathlon.com,N/A,N/A,090190 23844,N/A,N/A,https://www.decathlon.in/store/sgsmall,https://www.instagram.com/decathlonsportsindia/,https://www.facebook.com/decathlonindia,N/A,https://x.com/Decathlon_ind,https://www.youtube.com/@decathlon_india,Lower Ground Floor SGS Mall No. 231 Moledina Rd Camp,pune,Maharashtra,411001,India,Sports Shop,Sports Lead
SG Exclusive Store - Pune,N/A,N/A,N/A,N/A,sgstorepune@championsportspune.com,N/A,N/A,091671 58514,N/A,N/A,https://stores.teamsg.in/sg-exclusive-store-pune-sportswear-shop-camp-pune-532308/Home?utm_source=locator&utm_medium=googleplaces,https://www.instagram.com/sgsportswearofficial/,https://www.facebook.com/476038988932501,N/A,https://x.com/sgcrickett,https://www.youtube.com/@SGCricketOfficial,Shop number 12 lower ground floor SGS Mall Moledina Rd Camp,pune,Maharashtra,411001,India,Sports Shop,Sports Lead
Sanvi sports and accessories,N/A,N/A,N/A,N/A,N/A,N/A,N/A,099227 78883,N/A,N/A,http://www.shaktisportsonline.com/,N/A,N/A,N/A,N/A,N/A,Survey No 201/5 Bhosari Alandi Road Hutatma Chowk near SBI Bank Bhosari,pune,Maharashtra,411039,India,Sports Shop,Sports Lead
SHAKTI SPORTS & FITNESS,N/A,N/A,N/A,N/A,info@shaktisportspune.com,N/A,N/A,085549 82451,N/A,N/A,https://shaktisportspune.com/,https://www.instagram.com/shaktisportsfitness/,https://www.facebook.com/shaktisportsfitness,N/A,https://twitter.com/shaktisports,N/A,Nagar Road Plot No 34A/16/19 Viman Nagar Rd Next to Barclays Opposite Phoenix Market City,pune,Maharashtra,411014,India,Sports Store,Sports Lead
SK Sports & Sales,N/A,N/A,N/A,N/A,N/A,N/A,N/A,096573 25558,N/A,N/A,http://www.sksport.co.in/,N/A,N/A,N/A,N/A,N/A,Shop no 68 Vision 9 Mall Kunal Icon Rd Pimple Saudagar Pimpri-Chinchwad,pune,Maharashtra,411027,India,Sports Store,Sports Lead
WINNER SPORTS,N/A,N/A,N/A,N/A,care.india@decathlon.com,N/A,020 2634 2796,N/A,N/A,N/A,https://www.decathlon.in/store/amanoramall,https://www.instagram.com/decathlonsportsindia/,https://www.facebook.com/decathlonindia,N/A,https://x.com/Decathlon_ind,https://www.youtube.com/@decathlon_india,273 MG Road near Ram Mandir Camp,pune,Maharashtra,411001,India,Sports Store,Sports Lead
Eclat Sports - Exclusive Cricket Store.,N/A,N/A,N/A,N/A,N/A,N/A,N/A,077988 88488,N/A,N/A,https://linktr.ee/eclatsports,http://instagram.com/Eclat_sports/,https://www.facebook.com/EclatSports/,N/A,N/A,N/A,Shop 7 Amar Tech Park near Mitcon International School Balewadi,pune,Maharashtra,411045,India,Sports Store,Sports Lead
Adventure Sports Equipments. (PEAK Sacks & GYPSY TENTS. Best Trekking & Mountaineering Equipment store in Pune),N/A,N/A,N/A,N/A,N/A,N/A,N/A,097648 05353,N/A,N/A,http://www.gypsytents.com/,N/A,N/A,N/A,N/A,N/A,Mehta Apartments 813-814 Bhawani Peth opp. Old Motor Stand Bhawani Peth,pune,Maharashtra,411002,India,Sports Store,Sports Lead
AI Sports,N/A,N/A,N/A,N/A,N/A,N/A,N/A,097648 45301,N/A,N/A,https://aisportsstore.com/,N/A,N/A,N/A,N/A,N/A,Shop no. U-2 Navkar Avenue NDA Pashan Rd near DSK Ranwara Road Pakharbaug Society Lantana Gardens Bavdhan,pune,Maharashtra,411021,India,Sports Store,Sports Lead
GS sports,N/A,N/A,N/A,N/A,N/A,N/A,N/A,070380 97274,N/A,N/A,http://mysteryjersey.in/,N/A,N/A,N/A,https://www.wix.com/support/html5/,N/A,Shop no 226 2nd floor Jai Ganesh Vishwa Kasturba B Kasturba Housing Society Vishrantwadi,pune,Maharashtra,411015,India,Sports Store,Sports Lead
Be a Sport,N/A,N/A,N/A,N/A,N/A,N/A,N/A,077670 22992,N/A,N/A,https://be-a-sport.grexa.site/,N/A,N/A,N/A,N/A,N/A,yazdan oppsit AU FINANCIAL BANK Suraj Apartments NIBM Rd near cafe Kondhwa,pune,Maharashtra,411048,India,Sports Store,Sports Lead
CLIMBWIN SPORTS PRIVATE LIMITED,N/A,N/A,N/A,N/A,info@climbwin.com,N/A,N/A,N/A,N/A,N/A,http://www.climbwin.com/,N/A,N/A,N/A,N/A,N/A,Jai Ganesh Vishwa Shop No 28 B Wing Ground floor Vishrantwadi,pune,Maharashtra,411015,India,Sports Store,Sports Lead
Yonex Pro Shop Pune,N/A,N/A,N/A,N/A,info@shaktisportspune.com,N/A,020 2999 7923,N/A,N/A,N/A,http://www.shaktisportsfitness.com/,https://www.instagram.com/shaktisportsfitness/,https://www.facebook.com/shaktisportsfitness,N/A,https://twitter.com/shaktisports,N/A,Sunshine Plaza Before Pimpri Chowk near Faith Machinery Tools MIDC Pimpri Colony Pimpri-Chinchwad,pune,Maharashtra,411018,India,Sports Store,Sports Lead
SHAKTI SPORTS & FITNESS,N/A,N/A,N/A,N/A,info@shaktisportspune.com,N/A,N/A,085549 82460,N/A,N/A,http://www.shaktisportsfitness.com/,https://www.instagram.com/shaktisportsfitness/,https://www.facebook.com/shaktisportsfitness,N/A,https://twitter.com/shaktisports,N/A,Tapasvi Plaza 51-56 Chowk Old Mumbai - Hwy opp. Greaves Ltd Akurdi Pimpri-Chinchwad,pune,Maharashtra,411019,India,Sports Store,Sports Lead
SPORTS 52 WEAR,N/A,N/A,N/A,N/A,info@sports52wear.com,N/A,N/A,090116 35855,N/A,N/A,http://www.sports52wear.com/,https://www.instagram.com/sports52wear_india/,https://www.facebook.com/profile.php?id=100063893594303,N/A,N/A,https://www.youtube.com/channel/UCMJHJ_HN_KRUx8Q7qt6e7-g,268 Shimpi Gali camp rabab manzil mahatma gandhi road,pune,Maharashtra,411001,India,Sports Store,Sports Lead
KP Sports,N/A,N/A,N/A,N/A,N/A,N/A,N/A,074993 75356,N/A,N/A,https://www.instagram.com/kpsports18?igsh=N25hYXE0MWI2emYz,N/A,N/A,N/A,N/A,N/A,shop no-A7 p-ten commspace SHREE SHIV CHHATRAPATI SPORTS COMPLEX Sr no 340/1 Mahalunge,pune,Maharashtra,411045,India,Sports Store,Sports Lead
AYUDH SPORTS - Quality Sports Goods and Badminton Equipment Store,N/A,N/A,N/A,N/A,N/A,N/A,N/A,078880 81919,N/A,N/A,http://www.ayudhsports.com/,N/A,N/A,N/A,N/A,N/A,Shop no. 3 Survey no. 83 2 Baner Rd opposite Prabhavee Tech Park opposite Mango Sweets Lalit Estate Baner,pune,Maharashtra,411045,India,Sporting Goods Store,Sports Lead
SATHI SPORTS AND FITNESS,N/A,N/A,N/A,N/A,sathisports21@gmail.com,N/A,N/A,086056 27875,N/A,N/A,http://sathisports.com/,N/A,N/A,N/A,N/A,N/A,Statue Chowk Success Square Shop no 19/20 Sarthi opp. Shital Hotel karve Kothrud,pune,Maharashtra,411038,India,Sporting Goods Store,Sports Lead
SportsKingdom Stores Pune,N/A,N/A,N/A,N/A,N/A,N/A,N/A,072191 95459,N/A,N/A,https://www.sportskingdomstores.io/,N/A,N/A,N/A,N/A,N/A,Kamal park 19 next to Polite Paradise Society Pruthvi's Sports Zone near MSEB Office Dhanori,pune,Maharashtra,411015,India,Sporting Goods Store,Sports Lead
Total Sports & Fitness,N/A,N/A,N/A,N/A,support@totalsf.in,N/A,N/A,084228 10015,N/A,N/A,https://www.totalsf.in/,https://www.instagram.com/totalsportsandfitness,https://www.facebook.com/TotalSportsAndFitness,N/A,https://twitter.com/TotalsportsIndi,N/A,Rise Alta Prime Plaza Bhumkar Chowk Rd next to Decathlon Tathawade Pimpri-Chinchwad,pune,Maharashtra,411033,India,Sporting Goods Store,Sports Lead
